USE `Starline-DB`;

INSERT INTO users (user_id, name, email, class_year, housing_type) VALUES
  (1, 'Lisa Moore', 'lisa.moore588@outlook.com', 2027, 'off-campus apartment'),
  (2, 'Jeffrey Smith', 'jeffrey.smith392@outlook.com', 2029, 'traditional dorm'),
  (3, 'Sarah Daniels', 'sarah.daniels27@outlook.com', 2027, 'commuter'),
  (4, 'Tony Howard', 'tony.howard189@northeastern.edu', 2028, 'suite-style dorm'),
  (5, 'Kevin Hansen', 'kevin.hansen699@gmail.com', 2027, 'commuter'),
  (6, 'Stephen Navarro', 'stephen.navarro66@outlook.com', 2027, 'on-campus apartment'),
  (7, 'Morgan Marshall', 'morgan.marshall720@outlook.com', 2026, 'off-campus apartment'),
  (8, 'Christopher Johnson', 'christopher.johnson764@gmail.com', 2028, 'traditional dorm'),
  (9, 'Michael Gonzalez', 'michael.gonzalez48@northeastern.edu', 2026, 'suite-style dorm'),
  (10, 'Melissa Osborne', 'melissa.osborne360@outlook.com', 2027, 'traditional dorm'),
  (11, 'John Velasquez', 'john.velasquez559@outlook.com', 2029, 'on-campus apartment'),
  (12, 'David Harris', 'david.harris475@gmail.com', 2027, 'on-campus apartment'),
  (13, 'Sherri Stevens', 'sherri.stevens289@northeastern.edu', 2027, 'traditional dorm'),
  (14, 'Elizabeth Sanchez', 'elizabeth.sanchez626@outlook.com', 2028, 'off-campus apartment'),
  (15, 'Michael Huff', 'michael.huff328@outlook.com', 2028, 'traditional dorm'),
  (16, 'David Kerr', 'david.kerr227@gmail.com', 2026, 'suite-style dorm'),
  (17, 'Ariel Rasmussen', 'ariel.rasmussen353@gmail.com', 2026, 'traditional dorm'),
  (18, 'Stephanie Church', 'stephanie.church173@gmail.com', 2026, 'on-campus apartment'),
  (19, 'Rhonda Gonzalez', 'rhonda.gonzalez839@northeastern.edu', 2028, 'commuter'),
  (20, 'Elizabeth Jacobs', 'elizabeth.jacobs502@outlook.com', 2029, 'traditional dorm'),
  (21, 'Kristy Ford', 'kristy.ford199@outlook.com', 2027, 'on-campus apartment'),
  (22, 'Danny Mcclure', 'danny.mcclure916@outlook.com', 2029, 'traditional dorm'),
  (23, 'Samantha Guerrero', 'samantha.guerrero687@northeastern.edu', 2027, 'traditional dorm'),
  (24, 'Aaron Morton', 'aaron.morton679@outlook.com', 2028, 'traditional dorm'),
  (25, 'Samantha Michael', 'samantha.michael564@outlook.com', 2027, 'off-campus apartment'),
  (26, 'Shelley Coffey', 'shelley.coffey955@outlook.com', 2027, 'traditional dorm'),
  (27, 'Crystal Ruiz', 'crystal.ruiz469@northeastern.edu', 2028, 'on-campus apartment'),
  (28, 'Connie West', 'connie.west275@gmail.com', 2026, 'suite-style dorm'),
  (29, 'Rachael Mcdaniel', 'rachael.mcdaniel546@outlook.com', 2029, 'on-campus apartment'),
  (30, 'David Brown', 'david.brown691@outlook.com', 2028, 'off-campus apartment'),
  (31, 'Jordan Wade', 'jordan.wade277@northeastern.edu', 2026, 'traditional dorm'),
  (32, 'Jennifer Jones', 'jennifer.jones407@gmail.com', 2029, 'off-campus apartment'),
  (33, 'Richard Baker', 'richard.baker433@northeastern.edu', 2026, 'suite-style dorm'),
  (34, 'Lori Jenkins', 'lori.jenkins204@outlook.com', 2027, 'off-campus apartment'),
  (35, 'Timothy Lee', 'timothy.lee432@outlook.com', 2028, 'commuter'),
  (36, 'Jennifer Little', 'jennifer.little672@gmail.com', 2028, 'suite-style dorm');

INSERT INTO categories (category_id, name, status) VALUES
  (1, 'Groceries', 'active'),
  (2, 'Household Supplies', 'active'),
  (3, 'Internet & Wi-Fi', 'active'),
  (4, 'Electric Bill', 'active'),
  (5, 'Water & Trash', 'active'),
  (6, 'Cleaning Supplies', 'active'),
  (7, 'Shared Furniture', 'active'),
  (8, 'Kitchen Staples', 'active'),
  (9, 'Streaming & Entertainment', 'active'),
  (10, 'Ride Share & Transit', 'active'),
  (11, 'Venue & Space Rental', 'active'),
  (12, 'Food & Catering', 'active'),
  (13, 'Marketing & Printing', 'active'),
  (14, 'Transportation', 'active'),
  (15, 'Speaker & Entertainment', 'active'),
  (16, 'Decor & Event Supplies', 'active'),
  (17, 'Equipment Rental', 'active'),
  (18, 'Software & Subscriptions', 'active'),
  (19, 'Photography & Media', 'active'),
  (20, 'Merchandise & Giveaways', 'active'),
  (21, 'Travel & Lodging', 'active'),
  (22, 'Competition Fees', 'active'),
  (23, 'Workshop Materials', 'active'),
  (24, 'Community Outreach', 'active');

INSERT INTO club_budgets (budget_id, name, total_amount, semester, managed_by_user_id) VALUES
  (1, 'Game Development Club Event Budget (Fall 2025)', 15044.00, 'Fall 2025', 13),
  (2, 'Asian Student Association Fall 2025 Activities Fund', 7536.00, 'Fall 2025', 11),
  (3, 'Summer 2025 Programming Budget - Black Student Association', 12234.00, 'Summer 2025', 12),
  (4, 'Women in Tech Event Budget (Fall 2025)', 15801.00, 'Fall 2025', 3),
  (5, 'Artificial Intelligence Society Spring 2025 Activities Fund', 5854.00, 'Spring 2025', 4),
  (6, 'Data Science Club Spring 2026 Operating Budget', 15965.00, 'Spring 2026', 29),
  (7, 'Spring 2025 Programming Budget - Student Government Association', 13539.00, 'Spring 2025', 16),
  (8, 'Entrepreneurship Club Fall 2024 Operating Budget', 7507.00, 'Fall 2024', 28),
  (9, 'Outdoor Adventure Club Summer 2025 Activities Fund', 16926.00, 'Summer 2025', 4),
  (10, 'Sustainability Collaborative Summer 2025 Operating Budget', 7510.00, 'Summer 2025', 24),
  (11, 'Photography Club Spring 2026 Operating Budget', 10453.00, 'Spring 2026', 16),
  (12, 'Film Society Fall 2025 Operating Budget', 13483.00, 'Fall 2025', 29),
  (13, 'Music Industry Club Spring 2025 Activities Fund', 12679.00, 'Spring 2025', 11),
  (14, 'Pre-Law Society Event Budget (Spring 2025)', 5788.00, 'Spring 2025', 8),
  (15, 'Debate Society Fall 2025 Operating Budget', 16096.00, 'Fall 2025', 17),
  (16, 'Marketing Association Fall 2024 Operating Budget', 7768.00, 'Fall 2024', 2),
  (17, 'Spring 2025 Programming Budget - Finance & Investment Club', 12328.00, 'Spring 2025', 15),
  (18, 'Robotics Club Spring 2026 Activities Fund', 10261.00, 'Spring 2026', 13),
  (19, 'IEEE Student Chapter Event Budget (Fall 2025)', 17859.00, 'Fall 2025', 26),
  (20, 'Product Management Club Spring 2025 Activities Fund', 13373.00, 'Spring 2025', 36),
  (21, 'Design Collective Fall 2025 Activities Fund', 10852.00, 'Fall 2025', 7),
  (22, 'International Student Alliance Spring 2025 Operating Budget', 13000.00, 'Spring 2025', 24),
  (23, 'Latinx Student Cultural Center Fall 2024 Activities Fund', 5741.00, 'Fall 2024', 4),
  (24, 'Health Professions Club Event Budget (Summer 2025)', 4895.00, 'Summer 2025', 11),
  (25, 'Volunteer Corps Fall 2024 Activities Fund', 6662.00, 'Fall 2024', 8),
  (26, 'Fashion Society Fall 2025 Operating Budget', 9589.00, 'Fall 2025', 2),
  (27, 'Culinary Club Spring 2026 Activities Fund', 14293.00, 'Spring 2026', 7),
  (28, 'Esports Association Fall 2025 Operating Budget', 10139.00, 'Fall 2025', 17),
  (29, 'Spring 2025 Programming Budget - Tabletop Games Society', 9390.00, 'Spring 2025', 19),
  (30, 'Spring 2026 Programming Budget - Dance Team', 13522.00, 'Spring 2026', 4),
  (31, 'The Huntington News Fall 2024 Operating Budget', 3453.00, 'Fall 2024', 26),
  (32, 'Hackathon Committee Summer 2025 Activities Fund', 9283.00, 'Summer 2025', 18);

INSERT INTO events (event_id, name, date, managed_by_budget_id) VALUES
  (1, 'Spring Playtest Expo', '2025-11-04', 1),
  (2, 'Dumpling Night Fundraiser', '2025-09-05', 2),
  (3, 'Moon Festival Mixer', '2025-10-07', 2),
  (4, 'Poetry & Spoken Word Night', '2025-07-28', 3),
  (5, 'Resume Review Night', '2025-09-25', 4),
  (6, 'Women in Product Panel', '2025-10-01', 4),
  (7, 'Prompt Engineering Lab', '2025-01-23', 5),
  (8, 'Data Viz Showcase', '2026-01-15', 6),
  (9, 'Student Voices Listening Session', '2025-03-16', 7),
  (10, 'Founder Fireside Chat', '2024-12-09', 8),
  (11, 'Mini Venture Showcase', '2024-12-03', 8),
  (12, 'Kayak Safety Workshop', '2025-07-17', 9),
  (13, 'Local Compost Tour', '2025-06-01', 10),
  (14, 'Campus Gallery Night', '2026-01-12', 11),
  (15, 'Editing Basics Workshop', '2025-10-17', 12),
  (16, 'Campus Open Mic', '2025-02-07', 13),
  (17, 'LSAT Strategy Workshop', '2025-02-16', 14),
  (18, 'Novice Debate Night', '2025-11-25', 15),
  (19, 'Brand Audit Workshop', '2024-10-28', 16),
  (20, 'Portfolio Basics Workshop', '2025-01-23', 17),
  (21, 'Equity Research Bootcamp', '2025-03-28', 17),
  (22, 'Competition Prep Session', '2026-02-28', 18),
  (23, 'Hardware Hack Night', '2025-09-25', 19),
  (24, 'Roadmapping Workshop', '2025-03-05', 20),
  (25, 'Poster Design Sprint', '2025-09-23', 21),
  (26, 'New Student Welcome Tea', '2025-01-22', 22),
  (27, 'Heritage Month Kickoff', '2024-10-27', 23),
  (28, 'MCAT Planning Session', '2025-05-23', 24),
  (29, 'Donation Drive Sorting', '2024-10-14', 25),
  (30, 'Lookbook Shoot', '2025-10-18', 26),
  (31, 'Pasta Making Night', '2026-02-24', 27),
  (32, 'League Night', '2025-09-05', 28),
  (33, 'Board Game Cafe Night', '2025-04-05', 29),
  (34, 'Choreo Workshop', '2026-03-05', 30),
  (35, 'Editorial Board Retreat', '2024-11-25', 31),
  (36, 'Volunteer Training', '2025-06-12', 32);

INSERT INTO budget_templates (template_id, name, status, managed_by_user_id, category_id) VALUES
  (1, 'Large Speaker Event Template', 'active', 23, 19),
  (2, 'Weekly Meeting Budget Template', 'archived', 35, 23),
  (3, 'Fundraiser Pop-Up Template', 'active', 2, 7),
  (4, 'Culture Show Production Template', 'archived', 19, 1),
  (5, 'Workshop Night Budget Template', 'draft', 31, 14),
  (6, 'Competition Travel Template', 'archived', 32, 16),
  (7, 'General Body Meeting Template', 'active', 25, 17),
  (8, 'Community Service Event Template', 'active', 6, 1),
  (9, 'Hack Night Template', 'draft', 10, 24),
  (10, 'Panel Discussion Template', 'draft', 31, 14),
  (11, 'Showcase Night Template', 'draft', 19, 19),
  (12, 'Welcome Event Template', 'active', 12, 17),
  (13, 'Retreat Planning Template', 'active', 26, 19),
  (14, 'Marketing Campaign Template', 'active', 22, 24),
  (15, 'Open Mic Template', 'active', 30, 7),
  (16, 'Tournament Operations Template', 'active', 19, 7),
  (17, 'Photo Walk Template', 'archived', 5, 23),
  (18, 'Career Networking Event Template', 'active', 26, 5),
  (19, 'Volunteer Training Template', 'active', 14, 14),
  (20, 'Food Vendor Event Template', 'active', 24, 6),
  (21, 'Merch Drop Template', 'active', 10, 24),
  (22, 'Alumni Mixer Template', 'active', 2, 1),
  (23, 'Study Break Social Template', 'draft', 20, 13),
  (24, 'Trip Day Budget Template', 'draft', 19, 24),
  (25, 'Collab Event Template', 'draft', 30, 8),
  (26, 'Portfolio Review Template', 'active', 27, 3),
  (27, 'Skill-Building Workshop Template', 'active', 1, 7),
  (28, 'Spring Showcase Template', 'draft', 11, 19),
  (29, 'Outreach Booth Template', 'draft', 30, 2),
  (30, 'Semester Kickoff Template', 'draft', 27, 9);

INSERT INTO system_settings (setting_id, alert_threshold, updated_at, updated_by_user_id) VALUES
  (1, 250.00, '2024-09-03 09:15:00', 19),
  (2, 300.00, '2025-01-13 10:30:00', 6),
  (3, 350.00, '2025-08-28 14:05:00', 11),
  (4, 400.00, '2026-01-12 11:40:00', 24);

INSERT INTO support_issues (issue_id, description, status, created_at, submitted_by_user_id) VALUES
  (1, 'Roommate list still shows a student who moved out', 'open', '2025-08-30 12:56:24', 25),
  (2, 'Unable to add a new category from admin page', 'resolved', '2025-01-25 21:13:05', 13),
  (3, 'Unable to add a new category from admin page', 'open', '2026-03-26 18:30:14', 26),
  (4, 'Semester filter mixes Spring 2025 and Spring 2026 results', 'in_progress', '2025-05-08 10:52:01', 13),
  (5, 'Club expense form allows blank receipt URLs', 'open', '2024-12-21 20:14:16', 30),
  (6, 'Budget dashboard takes too long to load', 'resolved', '2025-04-09 17:31:23', 12),
  (7, 'Shared expense total shows the wrong split count', 'resolved', '2024-12-07 11:56:21', 10),
  (8, 'Shared expense page does not show who already paid', 'resolved', '2025-04-10 14:59:05', 17),
  (9, 'Shared expense page does not show who already paid', 'resolved', '2025-09-09 05:08:40', 8),
  (10, 'Shared expense total shows the wrong split count', 'open', '2026-01-15 14:28:00', 24),
  (11, 'Notification badge won’t clear after opening issue', 'in_progress', '2026-01-25 16:12:08', 16),
  (12, 'Some charts overlap on smaller laptop screens', 'open', '2025-06-11 09:24:58', 3),
  (13, 'Club expense form allows blank receipt URLs', 'resolved', '2025-11-07 03:19:36', 19),
  (14, 'Unable to add a new category from admin page', 'closed', '2026-01-03 09:18:12', 28),
  (15, 'Some charts overlap on smaller laptop screens', 'closed', '2024-09-26 16:42:53', 6),
  (16, 'Roommate list still shows a student who moved out', 'closed', '2025-11-11 00:15:37', 1),
  (17, 'Budget dashboard takes too long to load', 'resolved', '2025-06-29 22:01:43', 32),
  (18, 'Unable to add a new category from admin page', 'open', '2024-12-05 08:55:19', 30),
  (19, 'Reimbursement marked paid before treasurer reviewed it', 'in_progress', '2024-10-06 06:37:51', 6),
  (20, 'Search for events returns unrelated results', 'open', '2025-08-31 11:47:54', 1),
  (21, 'Unable to add a new category from admin page', 'open', '2025-05-18 14:22:31', 5),
  (22, 'Goal progress bar is stuck at zero', 'resolved', '2024-11-13 19:11:25', 4),
  (23, 'Club expense form allows blank receipt URLs', 'in_progress', '2025-01-16 11:40:28', 24),
  (24, 'Roommate list still shows a student who moved out', 'open', '2024-10-09 10:26:31', 4),
  (25, 'Receipt upload keeps failing on mobile', 'closed', '2025-10-04 15:59:38', 35),
  (26, 'Can’t edit an event after saving it', 'open', '2025-09-04 15:44:38', 34),
  (27, 'Reimbursement marked paid before treasurer reviewed it', 'open', '2025-12-15 07:45:04', 14),
  (28, 'Can’t edit an event after saving it', 'in_progress', '2025-03-20 16:43:05', 17),
  (29, 'Filter resets when I leave the page', 'in_progress', '2024-09-29 14:23:23', 6),
  (30, 'Deleted expense still appears in recent activity', 'in_progress', '2025-10-30 03:49:57', 17),
  (31, 'CSV export downloaded with the wrong date format', 'open', '2025-09-20 13:03:13', 32),
  (32, 'Receipt upload keeps failing on mobile', 'in_progress', '2025-03-27 01:52:13', 22),
  (33, 'Reimbursement marked paid before treasurer reviewed it', 'resolved', '2025-04-06 08:23:09', 24),
  (34, 'Roommate list still shows a student who moved out', 'open', '2025-06-24 14:24:06', 33),
  (35, 'Support page submitted duplicate tickets after refresh', 'resolved', '2025-07-23 03:24:24', 20),
  (36, 'Can’t sort club expenses by amount descending', 'open', '2025-01-24 04:09:42', 36),
  (37, 'Deleted expense still appears in recent activity', 'open', '2024-09-03 13:25:47', 31),
  (38, 'Can’t sort club expenses by amount descending', 'resolved', '2025-10-23 21:22:02', 36),
  (39, 'Filter resets when I leave the page', 'closed', '2026-03-06 03:56:39', 4),
  (40, 'Budget detail page shows duplicate reimbursements', 'closed', '2024-12-14 06:36:00', 32),
  (41, 'Unable to add a new category from admin page', 'resolved', '2024-12-04 02:13:58', 32),
  (42, 'Reimbursement marked paid before treasurer reviewed it', 'in_progress', '2025-06-15 08:39:36', 33),
  (43, 'Support page submitted duplicate tickets after refresh', 'in_progress', '2024-12-18 15:28:28', 14),
  (44, 'Can’t sort club expenses by amount descending', 'open', '2026-04-02 14:28:01', 10),
  (45, 'CSV export downloaded with the wrong date format', 'open', '2024-11-09 19:25:26', 11),
  (46, 'Filter resets when I leave the page', 'resolved', '2026-01-12 02:17:51', 4),
  (47, 'Search for events returns unrelated results', 'open', '2025-04-05 01:46:29', 8),
  (48, 'Semester filter mixes Spring 2025 and Spring 2026 results', 'resolved', '2026-01-25 07:48:33', 13),
  (49, 'CSV export downloaded with the wrong date format', 'open', '2024-10-22 22:05:14', 27),
  (50, 'Receipt upload keeps failing on mobile', 'in_progress', '2025-04-02 11:13:42', 5),
  (51, 'Budget dashboard takes too long to load', 'in_progress', '2026-03-01 05:24:13', 28),
  (52, 'Filter resets when I leave the page', 'open', '2026-02-06 18:28:01', 34);

INSERT INTO dashboard_filters (filter_id, filter_type, value, is_active, user_id) VALUES
  (1, 'date_range', 'fall 2025', 1, 23),
  (2, 'view_mode', 'by month', 1, 32),
  (3, 'date_range', 'fall 2025', 1, 27),
  (4, 'status', 'archived', 1, 16),
  (5, 'date_range', 'this semester', 0, 15),
  (6, 'status', 'active', 0, 1),
  (7, 'view_mode', 'detailed', 0, 12),
  (8, 'status', 'open', 1, 34),
  (9, 'category', 'Shared Furniture', 1, 14),
  (10, 'club_budget', 'Sustainability Collaborative Summer 2025 Operating Budget', 1, 25),
  (11, 'semester', 'Fall 2025', 1, 17),
  (12, 'view_mode', 'outstanding only', 1, 8),
  (13, 'category', 'Venue & Space Rental', 1, 22),
  (14, 'view_mode', 'by category', 1, 30),
  (15, 'status', 'paid', 0, 4),
  (16, 'status', 'active', 0, 20),
  (17, 'club_budget', 'Summer 2025 Programming Budget - Black Student Association', 1, 36),
  (18, 'semester', 'Fall 2024', 0, 19),
  (19, 'category', 'Food & Catering', 1, 26),
  (20, 'housing_type', 'commuter', 1, 21),
  (21, 'status', 'paid', 1, 2),
  (22, 'club_budget', 'Summer 2025 Programming Budget - Black Student Association', 1, 5),
  (23, 'club_budget', 'Summer 2025 Programming Budget - Black Student Association', 1, 3),
  (24, 'date_range', 'last 30 days', 0, 9),
  (25, 'club_budget', 'Pre-Law Society Event Budget (Spring 2025)', 0, 17),
  (26, 'semester', 'Fall 2025', 1, 28),
  (27, 'club_budget', 'Pre-Law Society Event Budget (Spring 2025)', 1, 22),
  (28, 'date_range', 'this academic year', 1, 19),
  (29, 'housing_type', 'off-campus apartment', 0, 12),
  (30, 'semester', 'Spring 2025', 0, 10),
  (31, 'club_budget', 'Game Development Club Event Budget (Fall 2025)', 0, 3),
  (32, 'view_mode', 'by category', 1, 6),
  (33, 'date_range', 'last 30 days', 1, 21),
  (34, 'date_range', 'spring 2026', 1, 32),
  (35, 'date_range', 'spring 2026', 1, 18),
  (36, 'status', 'draft', 1, 34),
  (37, 'category', 'Speaker & Entertainment', 1, 27),
  (38, 'date_range', 'spring 2026', 1, 14),
  (39, 'category', 'Decor & Event Supplies', 1, 23),
  (40, 'housing_type', 'traditional dorm', 1, 13),
  (41, 'club_budget', 'Film Society Fall 2025 Operating Budget', 1, 35),
  (42, 'semester', 'Spring 2025', 0, 17),
  (43, 'view_mode', 'by month', 0, 11),
  (44, 'semester', 'Fall 2025', 0, 13),
  (45, 'date_range', 'this semester', 1, 22),
  (46, 'club_budget', 'Sustainability Collaborative Summer 2025 Operating Budget', 0, 23),
  (47, 'date_range', 'spring 2026', 0, 16),
  (48, 'semester', 'Fall 2024', 1, 30),
  (49, 'housing_type', 'off-campus apartment', 0, 7),
  (50, 'housing_type', 'on-campus apartment', 1, 4),
  (51, 'semester', 'Summer 2025', 1, 23),
  (52, 'semester', 'Fall 2025', 1, 17),
  (53, 'view_mode', 'by category', 1, 17),
  (54, 'view_mode', 'by category', 1, 35),
  (55, 'semester', 'Spring 2025', 0, 33),
  (56, 'housing_type', 'commuter', 0, 5),
  (57, 'semester', 'Fall 2025', 1, 9),
  (58, 'category', 'Internet & Wi-Fi', 1, 6),
  (59, 'semester', 'Fall 2025', 1, 19),
  (60, 'status', 'open', 1, 35);

INSERT INTO budget_goals (goal_id, target_amount, status, semester, budget_id, set_by_user_id, event_id) VALUES
  (1, 1255.96, 'met', 'Spring 2025', 14, 8, NULL),
  (2, 1697.95, 'missed', 'Spring 2025', 14, 8, NULL),
  (3, 1502.85, 'missed', 'Fall 2025', 12, 3, 15),
  (4, 368.65, 'active', 'Fall 2025', 15, 17, 18),
  (5, 3949.41, 'missed', 'Fall 2025', 1, 28, NULL),
  (6, 2615.96, 'active', 'Spring 2025', 5, 13, NULL),
  (7, 665.39, 'active', 'Spring 2025', 17, 15, NULL),
  (8, 6260.34, 'active', 'Summer 2025', 9, 4, 12),
  (9, 310.16, 'missed', 'Fall 2025', 1, 13, NULL),
  (10, 2835.79, 'active', 'Spring 2025', 20, 36, 24),
  (11, 4007.86, 'missed', 'Spring 2026', 6, 32, 8),
  (12, 1278.22, 'active', 'Fall 2024', 31, 26, NULL),
  (13, 3218.14, 'met', 'Summer 2025', 32, 35, 36),
  (14, 4112.43, 'active', 'Fall 2025', 19, 26, NULL),
  (15, 2798.55, 'missed', 'Fall 2024', 25, 32, NULL),
  (16, 3904.39, 'active', 'Fall 2025', 21, 26, NULL),
  (17, 1849.21, 'active', 'Spring 2025', 7, 16, 9),
  (18, 4584.31, 'active', 'Spring 2025', 13, 35, NULL),
  (19, 4440.66, 'missed', 'Fall 2025', 12, 29, NULL),
  (20, 2219.37, 'active', 'Spring 2025', 17, 26, 21),
  (21, 4768.91, 'active', 'Fall 2025', 1, 32, NULL),
  (22, 263.22, 'met', 'Fall 2025', 28, 17, NULL),
  (23, 2415.31, 'active', 'Summer 2025', 3, 6, 4),
  (24, 1939.84, 'active', 'Fall 2025', 2, 23, 3),
  (25, 1238.64, 'missed', 'Fall 2025', 26, 2, 30),
  (26, 2734.06, 'missed', 'Spring 2025', 17, 1, 20),
  (27, 813.31, 'met', 'Spring 2025', 5, 4, 7),
  (28, 3594.82, 'missed', 'Spring 2026', 11, 16, 14),
  (29, 1709.26, 'active', 'Fall 2025', 2, 11, 2),
  (30, 3707.56, 'missed', 'Summer 2025', 32, 16, NULL),
  (31, 2793.99, 'active', 'Fall 2025', 28, 17, 32),
  (32, 570.73, 'active', 'Summer 2025', 10, 24, NULL),
  (33, 1220.93, 'active', 'Fall 2024', 25, 16, NULL),
  (34, 2980.50, 'missed', 'Summer 2025', 10, 24, 13),
  (35, 5006.94, 'active', 'Fall 2025', 12, 29, 15),
  (36, 551.22, 'missed', 'Summer 2025', 24, 34, 28),
  (37, 2455.02, 'active', 'Spring 2025', 14, 8, 17),
  (38, 3181.01, 'met', 'Fall 2024', 16, 27, 19),
  (39, 2084.85, 'active', 'Summer 2025', 24, 33, 28),
  (40, 5443.64, 'active', 'Fall 2025', 15, 17, NULL),
  (41, 1125.53, 'active', 'Spring 2025', 14, 8, 17),
  (42, 600.73, 'active', 'Spring 2026', 18, 13, 22),
  (43, 2812.14, 'active', 'Fall 2025', 28, 25, 32),
  (44, 355.34, 'active', 'Fall 2024', 16, 35, NULL),
  (45, 2164.01, 'active', 'Fall 2024', 23, 4, NULL),
  (46, 3272.72, 'met', 'Fall 2025', 12, 25, NULL),
  (47, 4760.21, 'active', 'Spring 2025', 13, 11, 16),
  (48, 937.45, 'met', 'Spring 2025', 5, 4, 7),
  (49, 4260.13, 'active', 'Summer 2025', 3, 12, NULL),
  (50, 308.73, 'active', 'Fall 2025', 19, 26, NULL),
  (51, 671.36, 'active', 'Fall 2025', 1, 20, 1),
  (52, 2156.29, 'missed', 'Summer 2025', 9, 4, NULL),
  (53, 818.06, 'active', 'Spring 2025', 14, 8, 17),
  (54, 1022.55, 'missed', 'Spring 2025', 14, 8, 17),
  (55, 1328.10, 'active', 'Fall 2025', 28, 17, NULL),
  (56, 329.38, 'active', 'Spring 2025', 17, 15, 21);

INSERT INTO shared_expenses (expense_id, name, amount, date, paid_by_user_id, category_id) VALUES
  (1, 'Weekend Costco trip', 122.94, '2024-09-27', 7, 10),
  (2, 'Amazon kitchen restock', 67.92, '2024-12-10', 14, 1),
  (3, 'February grocery split', 23.76, '2025-01-16', 19, 3),
  (4, 'Microwave replacement contribution', 19.79, '2025-01-01', 33, 9),
  (5, 'February utility payment', 114.65, '2025-07-27', 27, 4),
  (6, 'Target cleaning supplies', 56.94, '2024-12-21', 9, 2),
  (7, 'Brita filter refill', 26.43, '2025-04-28', 12, 2),
  (8, 'Shared pantry refill', 128.54, '2025-12-15', 13, 4),
  (9, 'Living room lamp replacement', 159.49, '2025-11-10', 9, 8),
  (10, 'Toilet paper bulk order', 195.89, '2026-03-18', 10, 5),
  (11, 'Weekend Costco trip', 195.64, '2025-10-19', 16, 5),
  (12, 'October internet bill', 207.02, '2025-04-23', 21, 6),
  (13, 'Brita filter refill', 103.81, '2025-07-21', 7, 10),
  (14, 'Microwave replacement contribution', 63.12, '2026-01-16', 6, 10),
  (15, 'Weekend Costco trip', 159.57, '2025-12-06', 30, 6),
  (16, 'CVS bathroom supplies', 42.07, '2024-11-30', 15, 7),
  (17, 'Laundry detergent refill', 114.48, '2025-04-02', 13, 7),
  (18, 'February utility payment', 166.36, '2026-01-17', 4, 9),
  (19, 'Amazon kitchen restock', 39.58, '2025-01-19', 20, 8),
  (20, 'Laundry detergent refill', 49.89, '2026-02-28', 36, 1),
  (21, 'Living room lamp replacement', 153.59, '2025-07-31', 29, 6),
  (22, 'Amazon kitchen restock', 151.26, '2025-05-30', 19, 2),
  (23, 'Brita filter refill', 206.36, '2025-03-26', 28, 3),
  (24, 'Apartment rug purchase', 25.63, '2024-12-09', 14, 6),
  (25, 'Living room lamp replacement', 28.92, '2024-10-14', 24, 2),
  (26, 'Target cleaning supplies', 22.47, '2026-03-23', 29, 4),
  (27, 'Laundry detergent refill', 197.04, '2025-09-26', 20, 9),
  (28, 'March water bill', 73.51, '2026-03-14', 28, 7),
  (29, 'Weekend Costco trip', 43.83, '2025-05-23', 9, 4),
  (30, 'Apartment rug purchase', 22.74, '2024-09-10', 32, 5),
  (31, 'Living room lamp replacement', 118.56, '2024-09-09', 36, 9),
  (32, 'Shared pantry refill', 142.51, '2025-08-04', 28, 6),
  (33, 'Apartment welcome snacks', 35.56, '2025-09-22', 14, 7),
  (34, 'Apartment welcome snacks', 39.60, '2025-09-11', 5, 9),
  (35, 'Living room lamp replacement', 152.62, '2025-11-25', 17, 8),
  (36, 'Apartment rug purchase', 207.82, '2025-06-26', 27, 1),
  (37, 'Dish soap and paper towels', 42.89, '2025-11-25', 10, 3),
  (38, 'Apartment welcome snacks', 147.08, '2025-01-25', 26, 6),
  (39, 'Apartment rug purchase', 209.95, '2024-12-31', 33, 3),
  (40, 'Living room lamp replacement', 134.04, '2026-03-02', 5, 2),
  (41, 'Amazon kitchen restock', 34.74, '2026-02-03', 28, 5),
  (42, 'Costco household stock-up', 100.96, '2025-09-05', 13, 9),
  (43, 'Dish soap and paper towels', 178.34, '2025-09-01', 23, 10),
  (44, 'Toilet paper bulk order', 117.12, '2024-12-19', 17, 9),
  (45, 'CVS bathroom supplies', 157.97, '2025-10-25', 36, 8),
  (46, 'Late-night snack run', 181.55, '2024-10-02', 28, 2),
  (47, 'Apartment welcome snacks', 145.41, '2026-03-30', 12, 1),
  (48, 'Late-night snack run', 216.22, '2024-10-30', 10, 6),
  (49, 'Laundry detergent refill', 20.73, '2024-10-22', 14, 4),
  (50, 'Brita filter refill', 78.39, '2025-05-26', 30, 10),
  (51, 'Uber back from grocery store', 112.17, '2025-07-31', 31, 8),
  (52, 'Trader Joe''s grocery run', 117.87, '2025-11-20', 2, 3),
  (53, 'Microwave replacement contribution', 51.23, '2025-04-13', 7, 10),
  (54, 'Microwave replacement contribution', 45.49, '2026-04-06', 12, 5),
  (55, 'Dish soap and paper towels', 149.18, '2025-03-25', 34, 7),
  (56, 'Wi-Fi router replacement', 199.51, '2025-12-14', 2, 1),
  (57, 'February grocery split', 28.54, '2024-12-14', 14, 6),
  (58, 'Wi-Fi router replacement', 148.32, '2024-10-08', 9, 10),
  (59, 'March water bill', 62.75, '2026-03-29', 33, 3),
  (60, 'Late-night snack run', 173.19, '2025-01-04', 14, 1);

INSERT INTO expense_splits (split_id, expense_id, user_id, amount_owed, is_paid) VALUES
  (1, 1, 5, 61.47, 0),
  (2, 1, 7, 61.47, 1),
  (3, 2, 14, 22.64, 1),
  (4, 2, 12, 22.64, 0),
  (5, 2, 13, 22.64, 0),
  (6, 3, 21, 7.92, 1),
  (7, 3, 19, 7.92, 1),
  (8, 3, 20, 7.92, 0),
  (9, 4, 35, 4.95, 1),
  (10, 4, 33, 4.95, 1),
  (11, 4, 34, 4.94, 1),
  (12, 4, 36, 4.95, 1),
  (13, 5, 28, 57.32, 0),
  (14, 5, 27, 57.33, 1),
  (15, 6, 11, 18.98, 0),
  (16, 6, 8, 18.98, 1),
  (17, 6, 9, 18.98, 1),
  (18, 7, 12, 13.22, 1),
  (19, 7, 13, 13.21, 1),
  (20, 8, 14, 64.27, 0),
  (21, 8, 13, 64.27, 1),
  (22, 9, 9, 79.74, 1),
  (23, 9, 11, 79.75, 0),
  (24, 10, 11, 65.30, 1),
  (25, 10, 10, 65.30, 1),
  (26, 10, 8, 65.29, 1),
  (27, 11, 15, 65.21, 1),
  (28, 11, 17, 65.21, 1),
  (29, 11, 16, 65.22, 1),
  (30, 12, 21, 103.51, 1),
  (31, 12, 20, 103.51, 1),
  (32, 13, 5, 51.91, 0),
  (33, 13, 7, 51.90, 1),
  (34, 14, 7, 21.04, 1),
  (35, 14, 5, 21.04, 0),
  (36, 14, 6, 21.04, 1),
  (37, 15, 31, 39.90, 0),
  (38, 15, 32, 39.89, 1),
  (39, 15, 30, 39.89, 1),
  (40, 15, 29, 39.89, 1),
  (41, 16, 16, 10.52, 1),
  (42, 16, 17, 10.52, 0),
  (43, 16, 15, 10.52, 1),
  (44, 16, 18, 10.51, 1),
  (45, 17, 13, 57.24, 1),
  (46, 17, 14, 57.24, 1),
  (47, 18, 3, 83.18, 1),
  (48, 18, 4, 83.18, 1),
  (49, 19, 21, 13.20, 1),
  (50, 19, 20, 13.19, 1),
  (51, 19, 19, 13.19, 0),
  (52, 20, 36, 12.47, 1),
  (53, 20, 33, 12.48, 1),
  (54, 20, 34, 12.47, 1),
  (55, 20, 35, 12.47, 1),
  (56, 21, 32, 51.20, 1),
  (57, 21, 31, 51.20, 0),
  (58, 21, 29, 51.19, 1),
  (59, 22, 20, 50.42, 0),
  (60, 22, 21, 50.42, 1),
  (61, 22, 19, 50.42, 1),
  (62, 23, 26, 68.78, 0),
  (63, 23, 28, 68.79, 1),
  (64, 23, 27, 68.79, 1),
  (65, 24, 14, 8.54, 1),
  (66, 24, 12, 8.54, 0),
  (67, 24, 13, 8.55, 1),
  (68, 25, 23, 9.64, 1),
  (69, 25, 22, 9.64, 1),
  (70, 25, 24, 9.64, 1),
  (71, 26, 30, 7.49, 0),
  (72, 26, 31, 7.49, 0),
  (73, 26, 29, 7.49, 1),
  (74, 27, 20, 65.68, 1),
  (75, 27, 19, 65.68, 0),
  (76, 27, 21, 65.68, 0),
  (77, 28, 27, 36.76, 1),
  (78, 28, 28, 36.75, 1),
  (79, 29, 9, 10.95, 1),
  (80, 29, 10, 10.96, 1),
  (81, 29, 11, 10.96, 1),
  (82, 29, 8, 10.96, 1),
  (83, 30, 31, 5.68, 0),
  (84, 30, 32, 5.68, 1),
  (85, 30, 30, 5.70, 1),
  (86, 30, 29, 5.68, 0),
  (87, 31, 36, 39.52, 1),
  (88, 31, 34, 39.52, 0),
  (89, 31, 35, 39.52, 1),
  (90, 32, 27, 71.26, 0),
  (91, 32, 28, 71.25, 1),
  (92, 33, 14, 17.78, 1),
  (93, 33, 13, 17.78, 1),
  (94, 34, 7, 19.80, 1),
  (95, 34, 5, 19.80, 1),
  (96, 35, 18, 38.16, 0),
  (97, 35, 17, 38.14, 1),
  (98, 35, 15, 38.16, 0),
  (99, 35, 16, 38.16, 0),
  (100, 36, 27, 103.91, 1),
  (101, 36, 28, 103.91, 1),
  (102, 37, 10, 14.30, 1),
  (103, 37, 11, 14.29, 1),
  (104, 37, 8, 14.30, 1),
  (105, 38, 28, 49.02, 1),
  (106, 38, 27, 49.03, 1),
  (107, 38, 26, 49.03, 1),
  (108, 39, 35, 69.98, 1),
  (109, 39, 33, 69.98, 1),
  (110, 39, 34, 69.99, 1),
  (111, 40, 5, 67.02, 1),
  (112, 40, 7, 67.02, 1),
  (113, 41, 26, 17.37, 0),
  (114, 41, 28, 17.37, 1),
  (115, 42, 13, 50.48, 1),
  (116, 42, 14, 50.48, 0),
  (117, 43, 25, 59.45, 1),
  (118, 43, 23, 59.44, 1),
  (119, 43, 24, 59.45, 1),
  (120, 44, 16, 39.04, 1),
  (121, 44, 15, 39.04, 1),
  (122, 44, 17, 39.04, 1),
  (123, 45, 33, 39.49, 0),
  (124, 45, 35, 39.49, 0),
  (125, 45, 36, 39.50, 1),
  (126, 45, 34, 39.49, 1),
  (127, 46, 26, 90.77, 0),
  (128, 46, 28, 90.78, 1),
  (129, 47, 14, 48.47, 1),
  (130, 47, 13, 48.47, 0),
  (131, 47, 12, 48.47, 1),
  (132, 48, 11, 72.07, 1),
  (133, 48, 9, 72.07, 0),
  (134, 48, 10, 72.08, 1),
  (135, 49, 14, 6.91, 1),
  (136, 49, 12, 6.91, 0),
  (137, 49, 13, 6.91, 1),
  (138, 50, 29, 26.13, 0),
  (139, 50, 30, 26.13, 1),
  (140, 50, 32, 26.13, 1),
  (141, 51, 29, 28.05, 1),
  (142, 51, 30, 28.04, 1),
  (143, 51, 31, 28.04, 1),
  (144, 51, 32, 28.04, 1),
  (145, 52, 1, 29.47, 1),
  (146, 52, 2, 29.46, 1),
  (147, 52, 4, 29.47, 1),
  (148, 52, 3, 29.47, 0),
  (149, 53, 6, 17.08, 1),
  (150, 53, 7, 17.08, 1),
  (151, 53, 5, 17.07, 0),
  (152, 54, 14, 22.74, 1),
  (153, 54, 12, 22.75, 1),
  (154, 55, 34, 49.73, 1),
  (155, 55, 36, 49.73, 1),
  (156, 55, 35, 49.72, 0),
  (157, 56, 3, 49.88, 0),
  (158, 56, 2, 49.88, 1),
  (159, 56, 4, 49.88, 1),
  (160, 56, 1, 49.87, 0),
  (161, 57, 14, 9.52, 1),
  (162, 57, 12, 9.51, 1),
  (163, 57, 13, 9.51, 0),
  (164, 58, 11, 74.16, 0),
  (165, 58, 9, 74.16, 1),
  (166, 59, 33, 31.38, 1),
  (167, 59, 35, 31.37, 1),
  (168, 60, 12, 86.60, 0),
  (169, 60, 14, 86.59, 1);

INSERT INTO club_expenses (expense_id, description, amount, date, receipt_url, notes, needs_reimbursement, paid_by_user_id, budget_id, category_id, event_id, goal_id) VALUES
  (1, 'Vistaprint Swag - Deposit paid to confirm reservation', 909.05, '2024-09-21', 'https://receipts.starline-demo.app/club/1-1316.pdf', 'Amount includes tax and processing fees.', 1, 8, 25, 20, 29, 33),
  (2, 'Hackathon Registration - Advance payment for speaker series', 89.04, '2025-06-21', 'https://receipts.starline-demo.app/club/2-4235.pdf', 'Treasurer approval documented in club Slack.', 1, 11, 24, 22, 28, 36),
  (3, 'Volunteer Appreciation Snacks - Subscription renewal used by the executive board', 622.32, '2025-12-08', 'https://receipts.starline-demo.app/club/3-7216.pdf', 'Vendor requested payment before delivery.', 1, 7, 21, 24, 25, 16),
  (4, 'Sticker Mule - Deposit paid to confirm reservation', 259.84, '2025-10-06', 'https://receipts.starline-demo.app/club/4-6281.pdf', 'Receipt uploaded from officer email.', 1, 29, 12, 20, 15, 35),
  (5, 'Donation Matching - Venue invoice for semester event', 97.84, '2025-11-25', 'https://receipts.starline-demo.app/club/5-2875.pdf', 'Shared with advisor for reimbursement review.', 1, 17, 28, 24, NULL, NULL),
  (6, 'Hilton Cambridge Reservation - Venue invoice for semester event', 149.55, '2024-09-12', 'https://receipts.starline-demo.app/club/6-1102.pdf', 'Submitted by event lead after the program ended.', 1, 2, 8, 21, 10, NULL),
  (7, 'Lyft Business - Venue invoice for semester event', 1110.02, '2026-04-06', 'https://receipts.starline-demo.app/club/7-9839.pdf', 'Amount includes tax and processing fees.', 1, 7, 27, 14, 31, NULL),
  (8, 'Tournament Entry Fee - Advance payment for speaker series', 591.67, '2025-08-12', 'https://receipts.starline-demo.app/club/8-2188.pdf', 'Vendor requested payment before delivery.', 1, 7, 3, 22, NULL, NULL),
  (9, 'Target Decor Order - Reimbursement for officer purchase', 314.88, '2025-11-29', 'https://receipts.starline-demo.app/club/9-1851.pdf', 'Submitted by event lead after the program ended.', 1, 3, 4, 16, 6, NULL),
  (10, 'Campus Print Services - Photography coverage for showcase', 744.34, '2025-11-10', 'https://receipts.starline-demo.app/club/10-1439.pdf', 'Receipt uploaded from officer email.', 1, 13, 1, 13, 1, 51),
  (11, 'Sticker Mule - Supplies purchased for hands-on workshop', 672.33, '2025-02-20', 'https://receipts.starline-demo.app/club/11-1765.pdf', 'Treasurer approval documented in club Slack.', 1, 4, 5, 20, 7, 27),
  (12, 'MBTA Group Pass - Photography coverage for showcase', 1134.84, '2026-02-16', 'https://receipts.starline-demo.app/club/12-9442.pdf', 'Vendor requested payment before delivery.', 1, 4, 30, 14, NULL, NULL),
  (13, 'Volunteer Appreciation Snacks - Advance payment for speaker series', 379.61, '2025-04-03', 'https://receipts.starline-demo.app/club/13-8968.pdf', 'Amount includes tax and processing fees.', 1, 24, 22, 24, 26, NULL),
  (14, 'Amtrak - Merch order for tabling event', 101.16, '2025-07-03', 'https://receipts.starline-demo.app/club/14-4417.pdf', 'Amount includes tax and processing fees.', 1, 4, 9, 14, 12, NULL),
  (15, 'Regional Registration Fee - Travel booking for competition weekend', 370.04, '2025-07-25', 'https://receipts.starline-demo.app/club/15-9484.pdf', 'Receipt uploaded from officer email.', 1, 24, 10, 22, 13, NULL),
  (16, 'Campus DJ Services - Photography coverage for showcase', 622.21, '2026-02-18', 'https://receipts.starline-demo.app/club/16-5391.pdf', 'Vendor requested payment before delivery.', 1, 13, 18, 15, NULL, 42),
  (17, 'Volunteer Appreciation Snacks - Photography coverage for showcase', 1037.19, '2025-12-02', 'https://receipts.starline-demo.app/club/17-4443.pdf', 'Treasurer approval documented in club Slack.', 1, 2, 26, 24, 30, NULL),
  (18, 'Community Partner Supplies - Merch order for tabling event', 834.97, '2024-11-20', 'https://receipts.starline-demo.app/club/18-8884.pdf', 'Amount includes tax and processing fees.', 1, 2, 16, 24, NULL, 38),
  (19, 'Sticker Mule - Subscription renewal used by the executive board', 492.73, '2026-03-08', 'https://receipts.starline-demo.app/club/19-3315.pdf', 'Submitted by event lead after the program ended.', 1, 34, 27, 20, 31, NULL),
  (20, 'Guest Speaker Honorarium - Photography coverage for showcase', 146.70, '2025-10-27', 'https://receipts.starline-demo.app/club/20-9138.pdf', 'Vendor requested payment before delivery.', 1, 17, 28, 15, NULL, 43),
  (21, 'Clover Catering - Advance payment for speaker series', 186.67, '2025-02-24', 'https://receipts.starline-demo.app/club/21-1462.pdf', 'Vendor requested payment before delivery.', 1, 4, 5, 12, 7, NULL),
  (22, 'Notion Plus - Reimbursement for officer purchase', 635.84, '2025-09-30', 'https://receipts.starline-demo.app/club/22-6512.pdf', 'Shared with advisor for reimbursement review.', 1, 23, 19, 18, 23, 14),
  (23, 'Target Decor Order - Subscription renewal used by the executive board', 446.53, '2025-06-29', 'https://receipts.starline-demo.app/club/23-9736.pdf', 'Treasurer approval documented in club Slack.', 1, 11, 24, 16, 28, NULL),
  (24, 'Amazon Event Supplies - Printing cost for flyers and posters', 474.06, '2025-04-05', 'https://receipts.starline-demo.app/club/24-8425.pdf', 'Vendor requested payment before delivery.', 1, 11, 13, 16, 16, NULL),
  (25, 'Party City - Snacks and drinks for general meeting', 1108.48, '2026-02-01', 'https://receipts.starline-demo.app/club/25-1565.pdf', 'Amount includes tax and processing fees.', 1, 29, 6, 16, NULL, NULL),
  (26, 'Arduino Bundle Order - Travel booking for competition weekend', 511.36, '2025-03-20', 'https://receipts.starline-demo.app/club/26-4945.pdf', 'Receipt uploaded from officer email.', 1, 10, 14, 23, 17, 54),
  (27, 'LensProToGo - Printing cost for flyers and posters', 1004.33, '2024-10-11', 'https://receipts.starline-demo.app/club/27-3929.pdf', 'Shared with advisor for reimbursement review.', 1, 2, 16, 17, 19, 38),
  (28, 'FedEx Office - Deposit paid to confirm reservation', 859.42, '2025-03-23', 'https://receipts.starline-demo.app/club/28-6557.pdf', 'Treasurer approval documented in club Slack.', 1, 19, 29, 13, 33, NULL),
  (29, 'Notion Plus - Snacks and drinks for general meeting', 64.90, '2026-03-24', 'https://receipts.starline-demo.app/club/29-3155.pdf', 'Receipt uploaded from officer email.', 1, 29, 6, 18, NULL, 11),
  (30, 'Pressed Cafe Catering - Reimbursement for officer purchase', 933.59, '2024-11-04', 'https://receipts.starline-demo.app/club/30-6149.pdf', 'Vendor requested payment before delivery.', 0, 27, 8, 12, 10, NULL),
  (31, 'Fenway Community Center - Advance payment for speaker series', 221.68, '2026-02-22', 'https://receipts.starline-demo.app/club/31-4465.pdf', 'Shared with advisor for reimbursement review.', 1, 30, 18, 11, 22, 42),
  (32, 'Amtrak - Merch order for tabling event', 728.68, '2024-11-16', 'https://receipts.starline-demo.app/club/32-5989.pdf', 'Receipt uploaded from officer email.', 1, 28, 8, 14, 11, NULL),
  (33, 'Amazon Event Supplies - Catering invoice for panel discussion', 979.34, '2025-10-08', 'https://receipts.starline-demo.app/club/33-9090.pdf', 'Submitted by event lead after the program ended.', 1, 11, 2, 16, 3, 24),
  (34, 'FedEx Office - Snacks and drinks for general meeting', 983.06, '2025-04-12', 'https://receipts.starline-demo.app/club/34-6132.pdf', 'Receipt uploaded from officer email.', 1, 24, 22, 13, NULL, NULL),
  (35, 'Arduino Bundle Order - Photography coverage for showcase', 698.05, '2025-01-13', 'https://receipts.starline-demo.app/club/35-4381.pdf', 'Receipt uploaded from officer email.', 1, 16, 7, 23, NULL, 17),
  (36, 'Tournament Entry Fee - Advance payment for speaker series', 1139.42, '2025-11-10', 'https://receipts.starline-demo.app/club/36-4390.pdf', 'Receipt uploaded from officer email.', 1, 2, 26, 22, 30, 25),
  (37, 'Regional Registration Fee - Deposit paid to confirm reservation', 368.65, '2026-01-13', 'https://receipts.starline-demo.app/club/37-5868.pdf', 'Amount includes tax and processing fees.', 0, 13, 18, 22, 22, NULL),
  (38, 'Party City - Subscription renewal used by the executive board', 1073.96, '2025-04-17', 'https://receipts.starline-demo.app/club/38-2224.pdf', 'Shared with advisor for reimbursement review.', 0, 4, 22, 16, NULL, NULL),
  (39, 'Guest Speaker Honorarium - Subscription renewal used by the executive board', 1118.40, '2024-09-11', 'https://receipts.starline-demo.app/club/39-3092.pdf', 'Receipt uploaded from officer email.', 1, 8, 25, 15, NULL, 15),
  (40, 'Volunteer Appreciation Snacks - Travel booking for competition weekend', 492.70, '2026-03-25', 'https://receipts.starline-demo.app/club/40-9670.pdf', 'Submitted by event lead after the program ended.', 1, 3, 30, 24, 34, NULL),
  (41, 'Hilton Cambridge Reservation - Supplies purchased for hands-on workshop', 1160.23, '2024-10-14', 'https://receipts.starline-demo.app/club/41-5234.pdf', 'Amount includes tax and processing fees.', 1, 28, 8, 21, NULL, NULL),
  (42, 'Enterprise Rentals - Catering invoice for panel discussion', 1020.04, '2025-02-18', 'https://receipts.starline-demo.app/club/42-8176.pdf', 'Treasurer approval documented in club Slack.', 0, 14, 20, 14, NULL, 10),
  (43, 'Prints and Enlargements - Venue invoice for semester event', 677.81, '2025-09-12', 'https://receipts.starline-demo.app/club/43-1177.pdf', 'Submitted by event lead after the program ended.', 1, 3, 4, 19, 6, NULL),
  (44, 'Volunteer Appreciation Snacks - Deposit paid to confirm reservation', 61.84, '2024-10-07', 'https://receipts.starline-demo.app/club/44-4539.pdf', 'Submitted by event lead after the program ended.', 1, 23, 25, 24, NULL, 15),
  (45, 'Arduino Bundle Order - Venue invoice for semester event', 794.55, '2025-12-04', 'https://receipts.starline-demo.app/club/45-6906.pdf', 'Vendor requested payment before delivery.', 1, 7, 21, 23, 25, 16),
  (46, 'MBTA Group Pass - Merch order for tabling event', 232.88, '2025-07-27', 'https://receipts.starline-demo.app/club/46-1761.pdf', 'Shared with advisor for reimbursement review.', 1, 3, 3, 14, NULL, NULL),
  (47, 'Campus DJ Services - Deposit paid to confirm reservation', 507.01, '2026-04-09', 'https://receipts.starline-demo.app/club/47-5914.pdf', 'Treasurer approval documented in club Slack.', 1, 13, 18, 15, NULL, 42),
  (48, 'Hilton Cambridge Reservation - Reimbursement for officer purchase', 73.73, '2024-10-13', 'https://receipts.starline-demo.app/club/48-8932.pdf', 'Receipt uploaded from officer email.', 1, 28, 8, 21, 10, NULL),
  (49, 'Hackathon Registration - Snacks and drinks for general meeting', 553.42, '2025-06-02', 'https://receipts.starline-demo.app/club/49-4850.pdf', 'Vendor requested payment before delivery.', 1, 18, 32, 22, 36, 13),
  (50, 'Photo Booth Rental - Reimbursement for officer purchase', 557.93, '2025-11-11', 'https://receipts.starline-demo.app/club/50-5612.pdf', 'Shared with advisor for reimbursement review.', 1, 17, 15, 19, 18, 4),
  (51, 'Fenway Community Center - Venue invoice for semester event', 425.33, '2025-11-22', 'https://receipts.starline-demo.app/club/51-4799.pdf', 'Treasurer approval documented in club Slack.', 1, 7, 21, 11, 25, NULL),
  (52, 'Eventbrite Fee - Venue invoice for semester event', 865.01, '2026-02-26', 'https://receipts.starline-demo.app/club/52-9222.pdf', 'Shared with advisor for reimbursement review.', 1, 7, 27, 18, 31, NULL),
  (53, 'Canva Pro - Snacks and drinks for general meeting', 130.19, '2025-02-12', 'https://receipts.starline-demo.app/club/53-9545.pdf', 'Amount includes tax and processing fees.', 1, 4, 22, 18, NULL, NULL),
  (54, 'Sticker Mule - Snacks and drinks for general meeting', 730.76, '2025-09-17', 'https://receipts.starline-demo.app/club/54-1262.pdf', 'Shared with advisor for reimbursement review.', 1, 17, 15, 20, 18, 4),
  (55, 'Community Partner Supplies - Supplies purchased for hands-on workshop', 309.33, '2025-03-12', 'https://receipts.starline-demo.app/club/55-9749.pdf', 'Amount includes tax and processing fees.', 1, 30, 17, 24, NULL, 56),
  (56, 'Volunteer Appreciation Snacks - Travel booking for competition weekend', 1168.35, '2025-02-07', 'https://receipts.starline-demo.app/club/56-4520.pdf', 'Submitted by event lead after the program ended.', 1, 24, 22, 24, NULL, NULL),
  (57, 'MBTA Group Pass - Travel booking for competition weekend', 1197.05, '2025-06-25', 'https://receipts.starline-demo.app/club/57-1504.pdf', 'Receipt uploaded from officer email.', 1, 4, 9, 14, 12, 52),
  (58, 'Photo Booth Rental - Catering invoice for panel discussion', 1141.53, '2026-04-08', 'https://receipts.starline-demo.app/club/58-6954.pdf', 'Vendor requested payment before delivery.', 1, 29, 6, 19, 8, NULL),
  (59, 'Party City - Photography coverage for showcase', 1196.98, '2025-10-21', 'https://receipts.starline-demo.app/club/59-1255.pdf', 'Receipt uploaded from officer email.', 1, 11, 2, 16, NULL, 24),
  (60, 'Staples Print Center - Catering invoice for panel discussion', 1195.84, '2025-11-21', 'https://receipts.starline-demo.app/club/60-9275.pdf', 'Submitted by event lead after the program ended.', 1, 26, 19, 13, NULL, NULL),
  (61, 'LensProToGo - Snacks and drinks for general meeting', 423.44, '2025-11-28', 'https://receipts.starline-demo.app/club/61-3396.pdf', 'Vendor requested payment before delivery.', 1, 24, 26, 17, 30, 25),
  (62, 'Greyhound Booking - Subscription renewal used by the executive board', 273.05, '2025-07-09', 'https://receipts.starline-demo.app/club/62-3009.pdf', 'Vendor requested payment before delivery.', 0, 18, 32, 21, 36, NULL),
  (63, 'Custom Ink - Catering invoice for panel discussion', 335.95, '2025-07-18', 'https://receipts.starline-demo.app/club/63-4808.pdf', 'Treasurer approval documented in club Slack.', 1, 4, 9, 20, 12, NULL),
  (64, 'Adobe Teams - Venue invoice for semester event', 426.99, '2025-06-28', 'https://receipts.starline-demo.app/club/64-7200.pdf', 'Submitted by event lead after the program ended.', 1, 28, 9, 18, 12, 8),
  (65, 'Community Partner Supplies - Deposit paid to confirm reservation', 1103.60, '2026-01-25', 'https://receipts.starline-demo.app/club/65-9605.pdf', 'Receipt uploaded from officer email.', 0, 19, 6, 24, 8, 11),
  (66, 'Hackathon Registration - Catering invoice for panel discussion', 1091.27, '2025-02-22', 'https://receipts.starline-demo.app/club/66-6431.pdf', 'Treasurer approval documented in club Slack.', 1, 16, 7, 22, 9, NULL);

INSERT INTO reimbursements (reimb_id, expense_id, user_id, amount, is_paid) VALUES
  (1, 1, 8, 909.05, 1),
  (2, 2, 11, 89.04, 0),
  (3, 3, 7, 622.32, 1),
  (4, 4, 29, 259.84, 0),
  (5, 5, 17, 66.85, 1),
  (6, 6, 2, 149.55, 1),
  (7, 7, 7, 1110.02, 1),
  (8, 8, 7, 591.67, 1),
  (9, 9, 3, 314.88, 0),
  (10, 10, 13, 744.34, 0),
  (11, 11, 4, 672.33, 0),
  (12, 12, 4, 1020.13, 1),
  (13, 13, 24, 379.61, 1),
  (14, 14, 4, 101.16, 1),
  (15, 15, 24, 370.04, 1),
  (16, 16, 13, 622.21, 1),
  (17, 17, 2, 1037.19, 0),
  (18, 18, 2, 834.97, 0),
  (19, 19, 34, 492.73, 1),
  (20, 20, 17, 89.38, 0),
  (21, 21, 4, 186.67, 1),
  (22, 22, 23, 635.84, 0),
  (23, 23, 11, 446.53, 1),
  (24, 24, 11, 474.06, 0),
  (25, 25, 29, 647.53, 1),
  (26, 26, 10, 511.36, 0),
  (27, 27, 2, 1004.33, 0),
  (28, 28, 19, 859.42, 1),
  (29, 29, 29, 26.43, 0),
  (30, 31, 30, 221.68, 1),
  (31, 32, 28, 626.38, 1),
  (32, 33, 11, 979.34, 0),
  (33, 34, 24, 815.04, 1),
  (34, 35, 16, 698.05, 1),
  (35, 36, 2, 1139.42, 0),
  (36, 39, 8, 1118.40, 0),
  (37, 40, 3, 492.70, 1),
  (38, 41, 28, 937.49, 0),
  (39, 43, 3, 585.50, 1),
  (40, 44, 23, 61.84, 1),
  (41, 45, 7, 617.36, 1),
  (42, 46, 3, 214.81, 0),
  (43, 47, 13, 507.01, 0),
  (44, 48, 28, 73.73, 1),
  (45, 49, 18, 553.42, 1),
  (46, 50, 17, 557.93, 1),
  (47, 51, 7, 425.33, 0),
  (48, 52, 7, 865.01, 0),
  (49, 53, 4, 130.19, 1),
  (50, 54, 17, 730.76, 0),
  (51, 55, 30, 309.33, 1),
  (52, 56, 24, 1168.35, 1),
  (53, 57, 4, 497.62, 1),
  (54, 58, 29, 1141.53, 0),
  (55, 59, 11, 1196.98, 1),
  (56, 60, 26, 674.75, 0),
  (57, 61, 24, 423.44, 0),
  (58, 63, 4, 335.95, 1),
  (59, 64, 28, 426.99, 0),
  (60, 66, 16, 1091.27, 0);

INSERT INTO flagged_transactions (flag_id, shared_expense_id, club_expense_id, flag_reason, status, reviewed_by_user_id) VALUES
  (1, 43, NULL, 'Expense was added after the billing cycle was already closed.', 'under_review', 22),
  (2, 28, NULL, 'Split total does not match what roommates expected.', 'resolved', 35),
  (3, 9, NULL, 'Split total does not match what roommates expected.', 'open', 26),
  (4, 29, NULL, 'Expense was added after the billing cycle was already closed.', 'resolved', 26),
  (5, 6, NULL, 'Expense looks like a duplicate of another grocery run that week.', 'resolved', 3),
  (6, 58, NULL, 'Expense looks like a duplicate of another grocery run that week.', 'resolved', 23),
  (7, 34, NULL, 'Expense was added after the billing cycle was already closed.', 'under_review', 14),
  (8, 54, NULL, 'Expense looks like a duplicate of another grocery run that week.', 'open', 6),
  (9, 36, NULL, 'Split total does not match what roommates expected.', 'open', 35),
  (10, 14, NULL, 'Expense was added after the billing cycle was already closed.', 'under_review', 22),
  (11, 39, NULL, 'Receipt was missing when the expense was submitted.', 'resolved', 11),
  (12, 10, NULL, 'Split total does not match what roommates expected.', 'open', 23),
  (13, 21, NULL, 'Split total does not match what roommates expected.', 'resolved', 8),
  (14, 25, NULL, 'Unusually high amount for household supplies.', 'under_review', 27),
  (15, 18, NULL, 'Expense looks like a duplicate of another grocery run that week.', 'under_review', 34),
  (16, 60, NULL, 'Split total does not match what roommates expected.', 'resolved', 13),
  (17, 16, NULL, 'Unusually high amount for household supplies.', 'under_review', 4),
  (18, 26, NULL, 'Receipt was missing when the expense was submitted.', 'open', 28),
  (19, 44, NULL, 'Expense looks like a duplicate of another grocery run that week.', 'under_review', 24),
  (20, 41, NULL, 'Expense was added after the billing cycle was already closed.', 'open', 8),
  (21, 57, NULL, 'Split total does not match what roommates expected.', 'under_review', 17),
  (22, 20, NULL, 'Expense was added after the billing cycle was already closed.', 'under_review', 10),
  (23, 47, NULL, 'Split total does not match what roommates expected.', 'open', 6),
  (24, 22, NULL, 'Expense was added after the billing cycle was already closed.', 'open', 34),
  (25, NULL, 28, 'Possible duplicate reimbursement request.', 'under_review', 6),
  (26, NULL, 52, 'Treasure review requested additional documentation.', 'resolved', 22),
  (27, NULL, 51, 'Treasure review requested additional documentation.', 'open', 29),
  (28, NULL, 41, 'Expense was linked to the wrong event.', 'resolved', 35),
  (29, NULL, 45, 'Possible duplicate reimbursement request.', 'open', 24),
  (30, NULL, 30, 'Missing itemized receipt for reimbursement review.', 'under_review', 18),
  (31, NULL, 11, 'Treasure review requested additional documentation.', 'open', 8),
  (32, NULL, 24, 'Charge appears outside the approved event budget.', 'resolved', 24),
  (33, NULL, 43, 'Possible duplicate reimbursement request.', 'open', 16),
  (34, NULL, 55, 'Expense was linked to the wrong event.', 'open', 22),
  (35, NULL, 61, 'Charge appears outside the approved event budget.', 'open', 35),
  (36, NULL, 9, 'Vendor amount is higher than the original quote.', 'open', 13),
  (37, NULL, 38, 'Possible duplicate reimbursement request.', 'resolved', 10),
  (38, NULL, 39, 'Vendor amount is higher than the original quote.', 'under_review', 6),
  (39, NULL, 29, 'Charge appears outside the approved event budget.', 'under_review', 18),
  (40, NULL, 5, 'Possible duplicate reimbursement request.', 'under_review', 31),
  (41, NULL, 33, 'Treasure review requested additional documentation.', 'open', 6),
  (42, NULL, 35, 'Missing itemized receipt for reimbursement review.', 'under_review', 18),
  (43, NULL, 37, 'Possible duplicate reimbursement request.', 'under_review', 13),
  (44, NULL, 21, 'Possible duplicate reimbursement request.', 'under_review', 14),
  (45, NULL, 1, 'Merch order quantity does not match attendance estimate.', 'open', 35),
  (46, NULL, 10, 'Expense was linked to the wrong event.', 'open', 1),
  (47, NULL, 8, 'Possible duplicate reimbursement request.', 'open', 3),
  (48, NULL, 44, 'Merch order quantity does not match attendance estimate.', 'open', 32),
  (49, NULL, 3, 'Vendor amount is higher than the original quote.', 'open', 14),
  (50, NULL, 20, 'Expense was linked to the wrong event.', 'under_review', 4),
  (51, NULL, 31, 'Missing itemized receipt for reimbursement review.', 'under_review', 34),
  (52, NULL, 6, 'Expense was linked to the wrong event.', 'open', 6);
